Nodes,BFS (s),DFS (s),UCS (s)
100,7.748603820800781e-05,3.7670135498046875e-05,5.9604644775390625e-05
500,0.0036003589630126953,0.0009903907775878906,0.006604671478271484
1000,0.030124425888061523,0.004039764404296875,0.03344416618347168
